Destinos,Descripcion,Paquetes1,Paquetes2,Paquetes3,Paquetes4,Países
París,La Ciudad de la Luz y la Moda. Descubre la magia de París.,París Romántico,Río Sena en París,París en Primavera,París Romántico y Chic,Francia
Roma,La Ciudad Eterna llena de historia y cultura. ¡Explora Roma!,Roma Antigua,Vaticano y Ruinas en Roma,Roma en Bicicleta,Descubre los Tesoros Antiguos de Roma,Italia
Nueva York,La Gran Manzana. Experimenta la energía de Nueva York.,Nueva York en Broadway,Nueva York en Navidad,Nueva York de Película,Nueva York en Todas las Estaciones,Estados Unidos
Tokio,La capital tecnológica del mundo. Disfruta de la modernidad en Tokio.,Tokio Tecnológico,Anime y Tecnología en Tokio,Tokyo en Cherry Blossom,Tokio Tecnológico y Tradicional,Japón
Barcelona,Destino soleado y lleno de arquitectura única. Bienvenido a Barcelona.,Barcelona Modernista,Arte y Tapas en Barcelona,Barcelona Bohemia,Barcelona Encantadora,España
Londres,La ciudad donde se mezclan la historia y la realeza. Descubre Londres.,Londres Clásico,Londres Bohemio,Londres Literario y Teatral,Londres Histórico y Contemporáneo,Reino Unido
Sídney,Una joya en el Pacífico. Disfruta de la belleza de Sídney.,Aventuras en Sídney,Exploración Costera en Sídney,Sídney Nocturno y Aventurero,Sídney Aventurero y Relajante,Australia
Venecia,La ciudad flotante. Navega por los canales de Venecia.,Venecia Romántica,Venecia en Carnaval,Venecia en la Marea Alta,Venecia Romántica y Auténtica,Italia
Cancún,Paraíso tropical en México. Relájate en las playas de Cancún.,Paraíso en Cancún,Todo lujo Incluido en Cancún,Aventuras Submarinas en Cancún,Playas Privadas en Cancún,México
Atenas,Cuna de la democracia. Descubre la historia en Atenas.,Atenas Aventurera,Atenas en Primavera,Atenas en Otoño,Atenas en la Cima,Grecia
Buenos Aires,La París de América del Sur. Baila el tango en Buenos Aires.,Buenos Aires Tango,Buenos Aires Nocturno,Buenos Aires Gastronómico,Buenos Aires Arte y Tango,Argentina
Ámsterdam,La Venecia del Norte. Explora Ámsterdam y sus canales.,Ámsterdam Bohemio,Ámsterdam de los Canales ,Ámsterdam en Arte Moderno,Ámsterdam Canal y Arte,Países Bajos
Praga,La ciudad dorada de Europa Central. Conoce Praga.,Praga Bohemia,Cervecerías en Praga,Praga en la Noche,Praga Bohemia y Contemporánea,República Checa
Hong Kong,Una fusión de tradición y modernidad en Hong Kong.,Hong Kong Vibrante,Skyline de Hong Kong,Isla Lantau y Templos en Hong Kong,Skyline y Cultura en Hong Kong,Hong Kong
Marrakech,Experiencia mágica en la ciudad roja de Marrakech.,Marrakech Mágico,Mercados de Marrakech,Marrakech en Color,Marrakech Místico,Marruecos
Ciudad del Cabo,Belleza natural en Ciudad del Cabo. ¡Explora Sudáfrica!,Ciudad del Cabo Salvaje,Safari en Ciudad del Cabo,Safari Fotográfico en Ciudad del Cabo,Explora la Naturaleza en Ciudad del Cabo,Sudáfrica
San Francisco,La bahía más famosa del mundo. Visita San Francisco.,San Francisco Bohemio,San Francisco Retro,San Francisco en Helicóptero,San Francisco Bohemio y Tecnológico,Estados Unidos
Dubái,Experiencia lujosa en el desierto. Descubre Dubái.,Lujo en Dubái,Desierto de Dubái,Shopping y Lujo en Dubái,Lujo en el Desierto de Dubái,Emiratos Árabes Unidos
Moscú,La capital rusa llena de historia y cultura. Bienvenido a Moscú.,Moscú Imperial,Moscú Soviético,Moscú en la Revolución,Moscú Moderno y Tradicional,Rusia
Bangkok,Exotismo y cultura en la vibrante Bangkok.,Bangkok Brillante,Experiencia Culinary en Bangkok,Exploración Cultural en Bangkok,Experiencia Zen en Bangkok,Tailandia
Kioto,La antigua capital imperial de Japón. Descubre Kioto.,Kioto Tradicional,Jardines Zen en Kioto,Festival de las Luces en Kioto,Templos y Tradición en Kioto,Japón
Toronto,Metrópoli multicultural en Canadá. Explora Toronto.,Toronto Multicultural,Deportes y Cultura en Toronto,Toronto de Noche y Día,Multiculturalismo en Toronto,Canadá
Río de Janeiro,La Ciudad Maravillosa de playas y samba. Visita Río de Janeiro.,Río de Janeiro Carnaval,Playas de las islas Caimanes,Río de Janeiro en Navidad,Río de Janeiro Playa y Carnaval,Brasil
Estambul,Encuentro entre Europa y Asia. Descubre Estambul.,Encanto Turco,Bazar y Palacios en Estambul,Crucero por el Bósforo en Estambul,Estambul Tradicional y Moderna,Turquía
Santorini,Islas blancas y aguas cristalinas en Santorini.,Atardecer en Santorini,Crucero alrededor de Santorini,Gastronomía y Vinos en Santorini,Atardecer y Gastronomía en Santorini,Grecia
Las Vegas,Luces brillantes y entretenimiento en Las Vegas.,Las Vegas de Noche,Shows y Casinos en Las Vegas,Despedida de Soltera en Las Vegas,Luces y Entretenimiento en Las Vegas,Estados Unidos
Zúrich,Belleza y encanto suizo en Zúrich.,Zúrich Elegante,Zúrich Navideño,Zúrich en Verano,Zúrich Elegante y Escénico,Suiza
Reikiavik,La ciudad más septentrional del mundo en Reikiavik.,Reikiavik Glaciar,Círculo Dorado desde Reikiavik,Expedición Glaciar desde Reikiavik,Aventuras Árticas en Reikiavik,Islandia
Singapur,Futurismo y modernidad en Singapur.,Singapur Moderno,Jardines y Rascacielos en Singapur,Singapur en 4 Días,Singapur Moderno y Tradicional,Singapur
Seúl,Capital de Corea del Sur. Disfruta de la vida en Seúl.,Seúl Contemporáneo,K-Pop y Tradición en Seúl,K-Pop y Tradición en Seúl,Tradición y Modernidad en Seúl,Corea del Sur
Budapest,La Perla del Danubio. Descubre Budapest.,Budapest Romántico,Baños Termales de Budapest,Gastroaventura en Budapest,Secretos Nocturnos de Budapest,Hungría
Varsovia,Historia y arquitectura en la capital polaca,Varsovia Histórica,Varsovia Contemporánea,Varsovia en Primavera,Varsovia Histórica y Contemporánea,Polonia
Vancouver,Naturaleza y ciudad en armonía. Visita Vancouver.,Naturaleza en Vancouver,Aventuras en la Naturaleza de Vancouver,Parques y Bicicletas en Vancouver,Naturaleza y Aventuras en Vancouver,Canadá
Sidney,Cultura y naturaleza en Sidney,Sidney Costero,Vida Marina en Sídney,Sidney en Bicicleta,Exploración Cultural en Sídney,Australia
Edimburgo,Historia y paisajes en la capital escocesa,Edimburgo Escocés,Edimburgo en Halloween,Escocia en Navidad desde Edimburgo,Edimburgo Escocia Mágica,Escocia
Islas Caimanes,Encanto y hermosas playas en las islas Caimanes,Tesoros de las islas Caimanes,Buceo en Islas Caimanes,Yoga y Relax en Islas Caimanes,Relax en Islas Caimanes,Islas Caimanes
Berlín,Modernidad y cultura en Berlín,Berlín Histórico,Berlín Underground,Berlín Creativo,Berlín Futurista,Alemania
Viena,Elegancia y música clásica en Viena,Viena Imperial,Conciertos Clásicos en Viena,Viena en Concierto,Viena Imperial y Artística,Austria
Los Ángeles,Entretenimiento y playas en Los Ángeles.,Los Ángeles Glamoroso,Los Ángeles Retro,Los Ángeles Retro y Relajado,Los Ángeles de la Costa Oeste,Estados Unidos
Miami,Diversidad cultural y playas en Miami.,Miami Playero,Arte y Playa en Miami,Arte Urbano en Miami,Miami Playa y Arte,Estados Unidos
Copenhague,La ciudad de la bicicleta en Dinamarca. Visita Copenhague.,Copenhague Moderna,Ciclismo en Copenhague,Aventura Marítima en Copenhague,Diseño y Ciclismo en Copenhague,Dinamarca
Estocolmo,Diseño moderno y tradición en Estocolmo,Estocolmo Sereno,Archipiélago de Estocolmo,Estocolmo en Kayak,Estocolmo en el Archipiélago,Suecia
Oslo,Naturaleza y arte en Oslo,Oslo Escandinavo,Oslo en Invierno,Oslo en el Festival de Música,Oslo Primaveral y Vikingo,Noruega
Helsinki,Diseño y tecnología en Helsinki,Naturaleza Finlandesa,Sauna y Naturaleza en Helsinki,Helsinki en la Noche Blanca,Sauna y Naturaleza en Helsinki,Finlandia
Dublín,Encanto histórico y vida nocturna en Dublín,Encanto Irlandés,Música y Pubs en Dublín,Pubs y Folklore en Dublín,Descubre la Historia de Dublín,Irlanda
Bergen,Naturaleza y fiordos en Bergen,Tesoros de Bergen,Aventura Ártica en Bergen,Aventuras Invernales en Bergen,Aventuras en los Fiordos de Bergen,Noruega
Oporto,Tradición y encanto en Oporto,Oporto Vinícola,Vinhos de Oporto,Tour Gastronómico en Oporto,Descubre los Secretos del Vino en Oporto,Portugal
Nueva Orleans,Vibrante cultura en Nueva Orleans,Nueva Orleans Jazz,Nueva Orleans Mística,Nueva Orleans en Halloween,Nueva Orleans Jazz y Vudú,Estados Unidos
Montreal,Fusión de idiomas y cultura en Montreal,Encanto Canadiense,Festival de Jazz en Montreal,Festivales de Verano en Montreal,Arte y Cultura en Montreal,Canadá
Múnich,Tradición bávara y modernidad en Múnich,Múnich Tradicional,Oktoberfest en Múnich,Oktoberfest y Jardines en Múnich,Descubre la Tradición Bávara en Múnich,Alemania
